Dufourea_novaeangliae Dufourea_novaeangliae
Dieunomia_heteropoda Dieunomia_heteropoda 
Dieunomia_triangulifera Dieunomia_triangulifera
Austronomia_australica Austronomia_australica 
Macronomia_clavisetis Macronomia_clavisetis 
Lipotriches_collaris Lipotriches_collaris
Lipotriches_justiciae Lipotriches_justiciae
Hoplonomia_elliotii Hoplonomia_elliotii
Curvinomia_chalybeata Curvinomia_chalybeata
Ruginomia_rugiventris Ruginomia_rugiventris
Pachynomia_tshibindica Pachynomia_tshibindica 
Pseudapis_siamensis Pseudapis_siamensis 
Pseudapis_oxybeloides Pseudapis_oxybeloides
Pachynomia_flavicarpa Pachynomia_flavicarpa
Stictonomia_aliceae Stictonomia_aliceae
Pseudapis_flavolobata Pseudapis_flavolobata 
Pseudapis_interstitinervis Pseudapis_interstitinervis 
Nomiapis_bispinosa Nomiapis_bispinosa
Nomiapis_diversipes Nomiapis_diversipes
Pseudapis_pandeana Pseudapis_pandeana
Pseudapis_riftensis Pseudapis_riftensis
Pseudapis_cinerea Pseudapis_cinerea 
Acunomia_melanderi Acunomia_melanderi
Pachynomia_amoenula Pachynomia_amoenula
Stictonomia_sangaensis Stictonomia_sangaensis
Steganomus_ennediensis Steganomus_ennediensis
Lasioglossum_albipes Lasioglossum_albipes 
Steganomus_junodi Steganomus_junodi 
Pseudapis_kenyensis Pseudapis_kenyensis 
Pseudapis_nilotica Pseudapis_nilotica
Afronomia_circumnitens Afronomia_circumnitens 
Stictonomia_schubotzi Stictonomia_schubotzi 
